R_m,rc_m,lc_m,R_over_rc,n_nodes_dim,worst_err_pct,r_fails,n_samples,err_r10,err_r20,err_r30,err_r40,err_r50,err_r60,err_r70,err_r80
0.09,0.003,0.0016,30.0,,1.364,1,8,-0.822,-1.364,-0.676,-0.594,-0.506,-0.895,-0.577,-0.577
0.09,0.003,0.0022,30.0,,1.035,1,8,-1.035,-0.493,-0.707,-0.459,-0.68,-0.476,-0.718,-0.818
0.09,0.003,0.0035,30.0,,2.345,8,8,-1.156,-1.055,-1.505,-2.345,-1.782,-1.469,-1.945,-1.598
0.09,0.003,0.005,30.0,,6.262,8,8,-4.629,-6.194,-4.054,-4.394,-4.857,-5.78,-4.913,-6.262
0.09,0.005,0.0016,18.0,,0.948,0,8,-0.948,-0.109,-0.184,0.357,-0.301,0.015,0.051,-0.174
0.09,0.005,0.0022,18.0,,0.727,0,8,0.603,0.385,-0.727,-0.628,-0.115,0.021,0.06,-0.141
0.09,0.005,0.0035,18.0,,1.397,3,8,-0.721,-1.196,-0.833,-1.397,-0.833,0.304,-0.838,-1.142
0.09,0.005,0.005,18.0,,2.662,6,8,-2.233,-0.911,-2.372,-2.587,-0.984,-1.455,-1.718,-2.662
0.09,0.008,0.0016,11.25,,0.448,0,8,-0.208,0.068,-0.125,-0.097,-0.249,-0.202,-0.252,-0.448
0.09,0.008,0.0022,11.25,,1.478,1,8,-1.478,0.004,-0.284,0.022,-0.439,0.015,-0.184,-0.516
0.09,0.008,0.0035,11.25,,0.834,0,8,0.453,-0.708,-0.159,-0.834,-0.172,-0.099,-0.27,-0.222
0.09,0.008,0.005,11.25,,3.504,2,8,-3.504,-0.061,0.2,-0.33,-0.262,-0.925,-0.373,-2.201
0.1,0.003,0.0016,33.33,,0.973,0,8,0.571,0.007,-0.454,-0.973,-0.528,-0.535,-0.655,-0.701
0.1,0.003,0.0022,33.33,,2.071,1,8,-2.071,-0.836,-0.557,-0.693,-0.791,-0.666,-0.794,-0.954
0.1,0.003,0.0035,33.33,,2.639,6,8,-0.988,-2.639,-1.531,-0.919,-2.184,-1.028,-1.249,-1.012
0.1,0.003,0.005,33.33,,5.48,8,8,-3.924,-4.561,-5.48,-4.839,-4.611,-4.14,-3.728,-4.477
0.1,0.005,0.0016,20.0,,0.487,0,8,0.166,-0.235,-0.487,0.094,-0.034,-0.155,-0.457,-0.433
0.1,0.005,0.0022,20.0,,0.917,0,8,0.892,0.498,-0.544,0.656,-0.295,-0.395,-0.503,-0.917
0.1,0.005,0.0035,20.0,,2.101,2,8,-0.417,-1.765,-2.101,-0.788,-0.4,-0.545,-0.78,-0.427
0.1,0.005,0.005,20.0,,2.892,6,8,-2.892,-2.626,-1.148,-1.77,-1.881,-0.682,-0.622,-1.692
0.1,0.008,0.0016,12.5,,0.318,0,8,0.082,0.187,-0.186,-0.318,0.169,0.042,-0.168,-0.099
0.1,0.008,0.0022,12.5,,1.263,2,8,-1.263,-1.107,0.044,0.16,0.28,-0.246,-0.378,0.061
0.1,0.008,0.0035,12.5,,0.936,0,8,0.343,-0.936,-0.606,0.362,-0.375,-0.004,0.335,-0.588
0.1,0.008,0.005,12.5,,3.494,3,8,-3.494,-1.213,-1.111,-0.073,-0.581,-0.243,-0.116,-0.77
0.15,0.003,0.0016,50.0,,0.604,0,8,-0.604,-0.322,-0.539,-0.334,-0.422,-0.426,-0.501,-0.492
0.15,0.003,0.0022,50.0,,1.264,3,8,-1.264,-0.946,-0.37,-1.142,-0.188,-0.874,-1.01,-0.685
0.15,0.003,0.0035,50.0,,2.078,7,8,0.183,-1.654,-1.396,-1.544,-2.078,-1.386,-1.583,-1.885
0.15,0.003,0.005,50.0,,5.316,8,8,-4.519,-4.156,-3.966,-4.706,-3.947,-5.316,-4.055,-4.898
0.15,0.005,0.0016,30.0,,0.75,0,8,-0.111,-0.75,-0.391,-0.098,0.091,-0.43,-0.268,-0.344
0.15,0.005,0.0022,30.0,,0.844,0,8,-0.428,-0.844,-0.082,-0.489,-0.698,0.141,-0.532,-0.091
0.15,0.005,0.0035,30.0,,1.353,5,8,-0.486,-1.015,-1.134,-1.353,-0.681,-1.048,-1.104,-0.79
0.15,0.005,0.005,30.0,,2.204,7,8,-2.204,-2.035,-0.959,-1.098,-2.122,-1.849,-2.107,-1.028
0.15,0.008,0.0016,18.75,,0.3,0,8,-0.05,0.277,-0.3,-0.12,0.026,-0.075,-0.18,-0.063
0.15,0.008,0.0022,18.75,,0.898,0,8,-0.898,-0.648,0.07,-0.002,-0.127,0.156,0.071,0.212
0.15,0.008,0.0035,18.75,,1.428,1,8,-1.428,-0.483,-0.272,-0.196,-0.214,-0.81,-0.4,-0.298
0.15,0.008,0.005,18.75,,3.708,2,8,-3.708,-1.218,-0.171,-0.671,-0.898,-0.664,-0.482,-0.772
0.3,0.003,0.0016,100.0,,0.91,0,8,-0.91,-0.317,-0.643,-0.291,-0.376,-0.448,-0.272,-0.591
0.3,0.003,0.0022,100.0,,1.314,3,8,-1.314,-0.471,-1.22,-1.031,-0.865,-0.573,-0.943,-0.569
0.3,0.003,0.0035,100.0,,2.497,8,8,-2.497,-1.479,-1.339,-1.557,-2.232,-1.661,-1.715,-1.588
0.3,0.003,0.005,100.0,,5.273,8,8,-4.138,-4.955,-5.273,-4.6,-4.698,-4.592,-4.376,-4.049
0.3,0.005,0.0016,60.0,,0.495,0,8,-0.495,-0.391,0.231,-0.268,-0.141,-0.294,-0.303,-0.062
0.3,0.005,0.0022,60.0,,1.178,1,8,-1.178,0.103,-0.244,-0.364,-0.284,-0.311,-0.214,-0.088
0.3,0.005,0.0035,60.0,,1.222,5,8,-1.073,-0.74,-0.465,-1.222,-1.206,-1.194,-1.181,-0.577
0.3,0.005,0.005,60.0,,3.222,8,8,-3.222,-2.117,-1.825,-1.518,-1.608,-1.848,-1.695,-1.922
0.3,0.008,0.0016,37.5,,0.552,0,8,-0.131,-0.552,-0.006,-0.022,-0.251,0.188,-0.284,-0.002
0.3,0.008,0.0022,37.5,,1.08,1,8,-1.08,0.151,0.109,-0.177,-0.267,-0.197,0.103,0.055
0.3,0.008,0.0035,37.5,,1.057,1,8,-1.057,0.827,-0.238,-0.272,-0.559,-0.583,-0.618,-0.139
0.3,0.008,0.005,37.5,,3.503,3,8,-3.503,-1.837,-1.156,-0.168,-0.694,-0.6,-0.575,-0.776
