slot_half_deg,lc_air_m,b0_over_ts,Bg1,Bg1_analytic_flat,err_vs_analytic_pct,Bg_pole_mean,THD_pct
1.0,0.0012,0.0333,0.9955,0.8593,15.86,0.7942,28.8
1.0,0.002,0.0333,0.9955,0.8593,15.86,0.7942,28.8
2.0,0.0012,0.0667,0.9897,0.8593,15.18,0.7885,28.62
2.0,0.002,0.0667,0.9897,0.8593,15.18,0.7885,28.62
3.0,0.0012,0.1,0.9822,0.8593,14.3,0.7819,28.66
3.0,0.002,0.1,0.9822,0.8593,14.3,0.7819,28.66
4.5,0.0012,0.1498,0.9683,0.8593,12.69,0.7697,29.15
4.5,0.002,0.1498,0.9683,0.8593,12.69,0.7697,29.15
6.0,0.0012,0.1996,0.9467,0.8593,10.17,0.7504,30.3
6.0,0.002,0.1996,0.9467,0.8593,10.17,0.7504,30.3
1.0,0.0008,0.0333,0.9955,0.8593,15.86,0.7942,28.8
6.0,0.0008,0.1996,0.9467,0.8593,10.17,0.7504,30.3
